ID,Nombre,Edad,Genero
1,Brennen,35,Agender
2,Chrissie,50,Genderfluid
3,Abeu,2,Male
4,Tore,59,Non-binary
5,Darryl,73,Genderqueer
6,Winny,14,Bigender
7,Filberto,96,Female
8,Oates,68,Non-binary
9,Holmes,13,Genderqueer
10,Stafford,29,Genderfluid
11,Terrijo,36,Female
12,Silvain,88,Male
13,Nathanil,72,Genderqueer
14,Rina,39,Genderfluid
15,Jarret,41,Bigender
16,Gwen,18,Genderqueer
17,Elnore,64,Male
18,Cindee,100,Genderqueer
19,Bonni,42,Male
20,Billy,48,Genderqueer
21,Aleta,80,Agender
22,Jorgan,15,Non-binary
23,Bobbie,45,Non-binary
24,Arte,91,Male
25,Timotheus,78,Genderfluid
26,Port,45,Polygender
27,Melosa,16,Male
28,Lelia,36,Genderfluid
29,Jenn,15,Bigender
30,Germana,1,Male
31,Kathlin,16,Bigender
32,Albrecht,14,Polygender
33,Gayla,50,Genderqueer
34,Edyth,92,Genderqueer
35,Denys,94,Agender
36,Evelina,6,Polygender
37,Trudie,23,Polygender
38,Pippy,7,Genderfluid
39,Mead,38,Agender
40,Jaquith,10,Female
41,Alis,2,Genderqueer
42,Patton,63,Genderqueer
43,Ric,48,Female
44,Jessalyn,69,Female
45,Sheilakathryn,35,Female
46,Letitia,3,Genderqueer
47,Nanny,87,Bigender
48,Kelsey,50,Female
49,Gregor,11,Genderqueer
50,Kipp,53,Male
51,Noe,84,Female
52,Rebe,38,Agender
53,Coreen,92,Bigender
54,Ainslie,79,Female
55,Ema,99,Female
56,Sargent,54,Male
57,Ianthe,95,Female
58,Javier,84,Bigender
59,Isiahi,20,Polygender
60,Hodge,83,Female
61,Maegan,11,Agender
62,Umeko,22,Male
63,Roseline,38,Polygender
64,Josi,26,Polygender
65,Daphna,61,Male
66,Tam,1,Genderfluid
67,Kessiah,92,Genderqueer
68,Perkin,39,Non-binary
69,Elwood,48,Male
70,Renate,59,Polygender
71,Jamey,90,Male
72,Maurice,28,Agender
73,Tawsha,100,Agender
74,Sallee,48,Genderqueer
75,Sharron,85,Agender
76,Cindi,8,Female
77,Jessee,89,Non-binary
78,Gale,8,Non-binary
79,Barnabe,53,Non-binary
80,Darsey,59,Agender
81,Vernon,81,Polygender
82,Arnie,90,Non-binary
83,Domini,93,Male
84,Carr,41,Genderqueer
85,Marshal,15,Bigender
86,Mariann,24,Male
87,Berkie,20,Genderqueer
88,Allyce,4,Non-binary
89,Bettye,16,Female
90,Marilyn,13,Genderfluid
91,Lemar,18,Male
92,Robenia,48,Non-binary
93,Lemuel,23,Agender
94,Barron,59,Female
95,Leonidas,11,Genderqueer
96,Correy,81,Female
97,Myca,74,Agender
98,Myrna,72,Male
99,Gian,23,Non-binary
100,Ardisj,87,Genderfluid
101,Ulrikaumeko,94,Female
102,Farra,99,Polygender
103,Devina,17,Genderqueer
104,Jeffie,10,Genderqueer
105,Odie,82,Male
106,Idalia,69,Female
107,Sutherland,28,Polygender
108,Dominique,88,Non-binary
109,Shellie,79,Male
110,Farley,92,Genderqueer
111,Andriette,18,Genderqueer
112,Averil,28,Male
113,Marco,31,Genderfluid
114,Dion,95,Female
115,Gaylor,95,Agender
116,Alli,43,Polygender
117,Chickie,2,Non-binary
118,Clayton,48,Agender
119,Howey,9,Polygender
120,Kimberli,39,Female
121,Jandy,88,Female
122,Bobby,6,Agender
123,Tamarah,4,Female
124,Jana,9,Male
125,Ryun,15,Genderqueer
126,Edan,21,Non-binary
127,Aldin,95,Male
128,Sampson,54,Non-binary
129,Ekaterina,93,Male
130,Jeniece,4,Female
131,Lauren,86,Male
132,Broddie,63,Male
133,Abbie,35,Polygender
134,Yorgo,66,Female
135,Jodi,81,Genderqueer
136,Coreen,43,Male
137,Mechelle,74,Polygender
138,Margeaux,12,Genderfluid
139,Parry,81,Genderfluid
140,Cello,34,Non-binary
141,Melessa,89,Genderqueer
142,Rubina,84,Female
143,Janette,99,Bigender
144,Annette,22,Genderfluid
145,Flemming,55,Bigender
146,Haslett,56,Polygender
147,Gino,35,Non-binary
148,Elia,28,Male
149,Celka,94,Bigender
150,Cindy,29,Agender
151,Mathian,97,Agender
152,Nata,27,Non-binary
153,Jess,20,Genderqueer
154,Travus,3,Non-binary
155,Jehanna,55,Non-binary
156,Krissie,28,Bigender
157,Kettie,26,Male
158,Bartholomeus,24,Agender
159,Gaultiero,80,Female
160,Maggee,88,Female
161,Wood,8,Bigender
162,Cary,35,Male
163,Nickie,61,Male
164,Leonelle,37,Genderfluid
165,Celinda,39,Male
166,Timotheus,11,Agender
167,Candace,74,Agender
168,Clarance,100,Genderfluid
169,Standford,4,Female
170,Gideon,64,Genderfluid
171,Gothart,17,Non-binary
172,Robb,20,Male
173,Craig,67,Polygender
174,Shanta,88,Male
175,Dimitri,7,Non-binary
176,Henrieta,72,Female
177,Becky,50,Agender
178,Jessa,93,Genderqueer
179,Maxim,2,Male
180,Dalis,97,Bigender
181,Hertha,90,Bigender
182,Cyril,99,Genderqueer
183,Nevil,97,Bigender
184,Tessi,77,Genderqueer
185,Fremont,77,Genderfluid
186,Darius,75,Genderqueer
187,Carline,35,Agender
188,Fremont,98,Male
189,Tracie,25,Genderqueer
190,Sarita,22,Male
191,Alvira,84,Genderfluid
192,Estel,76,Genderqueer
193,Dallis,85,Female
194,Barby,77,Male
195,Gabie,53,Agender
196,Scot,76,Non-binary
197,Westleigh,85,Genderfluid
198,Baudoin,66,Non-binary
199,Aurelie,59,Agender
200,Lauralee,61,Bigender
201,Bailie,12,Male
202,Cari,74,Agender
203,Kippie,78,Male
204,Zacharias,68,Bigender
205,Loren,93,Agender
206,Evelyn,76,Genderqueer
207,Joellyn,47,Bigender
208,Irena,68,Bigender
209,Juana,25,Genderqueer
210,Octavius,68,Bigender
211,Gussie,86,Genderqueer
212,Kenyon,68,Male
213,Burl,54,Bigender
214,Stormi,53,Male
215,Gray,84,Non-binary
216,Britney,42,Male
217,Jedidiah,99,Polygender
218,Montgomery,96,Agender
219,Syman,14,Non-binary
220,Allianora,99,Polygender
221,Bobbie,96,Polygender
222,Ynez,44,Female
223,Marci,92,Male
224,Edee,31,Male
225,Fanechka,22,Agender
226,Trista,5,Agender
227,Dermot,17,Agender
228,Noni,15,Genderfluid
229,Ettore,91,Genderqueer
230,Blondell,26,Genderqueer
231,Rhianon,56,Genderqueer
232,Mabel,34,Male
233,Susanetta,32,Genderfluid
234,Franky,4,Male
235,Joanne,41,Bigender
236,Jayne,15,Non-binary
237,Tonnie,48,Agender
238,Bondy,3,Bigender
239,Tybalt,47,Male
240,Kiel,62,Bigender
241,Bevin,41,Agender
242,Kenon,41,Polygender
243,Lanie,67,Bigender
244,Sherlocke,41,Agender
245,Mathilda,54,Non-binary
246,Dulce,90,Non-binary
247,Alex,28,Female
248,Viviana,7,Genderfluid
249,Giacomo,95,Non-binary
250,Allister,96,Male
251,Farris,37,Polygender
252,Marquita,56,Genderfluid
253,Waldemar,73,Bigender
254,Ira,66,Male
255,Leeland,39,Genderfluid
256,Giusto,24,Genderfluid
257,Carmel,90,Polygender
258,Elfreda,26,Genderfluid
259,Noellyn,32,Female
260,Gerry,99,Genderqueer
261,Linnell,55,Polygender
262,Fayth,79,Female
263,Dael,12,Genderfluid
264,Matthew,44,Agender
265,Dania,38,Female
266,Frederico,44,Polygender
267,Rhys,28,Genderqueer
268,Emmaline,67,Agender
269,Leighton,37,Genderfluid
270,Son,68,Genderqueer
271,Yorke,53,Female
272,Richmond,47,Genderqueer
273,Merrel,97,Male
274,Theadora,60,Polygender
275,Joli,21,Genderqueer
276,Nicolais,73,Bigender
277,Kile,58,Polygender
278,Diena,22,Non-binary
279,Lianne,77,Non-binary
280,Timoteo,83,Male
281,Sonya,14,Male
282,Aline,93,Polygender
283,Lorne,13,Genderqueer
284,Nickey,63,Genderqueer
285,Bibi,38,Male
286,Minni,3,Polygender
287,Lottie,87,Polygender
288,Ambrosi,27,Agender
289,Guillemette,31,Polygender
290,Thornie,16,Bigender
291,Quinlan,11,Genderqueer
292,Sigrid,1,Agender
293,Ferdy,86,Agender
294,Florentia,63,Male
295,Margalit,52,Agender
296,Eberto,41,Genderqueer
297,Olivia,77,Polygender
298,Hannie,19,Bigender
299,Elli,82,Male
300,Guthry,39,Bigender
301,Josey,10,Agender
302,Alissa,89,Polygender
303,Wakefield,42,Genderqueer
304,Dari,26,Non-binary
305,Sonja,33,Genderqueer
306,Mia,67,Genderqueer
307,Blondy,95,Male
308,Christean,35,Agender
309,Gwenneth,86,Non-binary
310,Ivonne,68,Male
311,Shelley,44,Male
312,Hali,89,Agender
313,Delainey,15,Genderfluid
314,Joseph,19,Genderfluid
315,Barde,9,Agender
316,Sully,78,Polygender
317,Xylia,85,Agender
318,Eba,53,Male
319,Augustina,50,Non-binary
320,Wren,49,Bigender
321,Fee,52,Male
322,Arri,2,Non-binary
323,Birk,90,Female
324,Mic,42,Male
325,Wayland,15,Male
326,Adrian,49,Genderfluid
327,Winnie,55,Genderfluid
328,Camila,48,Female
329,Ninette,42,Genderqueer
330,Patrizio,73,Male
331,Leticia,32,Male
332,Sumner,15,Male
333,Rafaelia,89,Non-binary
334,Skipton,48,Bigender
335,Ruperta,47,Genderfluid
336,Tatum,49,Female
337,Porty,87,Non-binary
338,Paulette,25,Agender
339,Ileana,98,Bigender
340,Romona,27,Male
341,Laurene,3,Polygender
342,Joela,50,Female
343,Sandra,57,Polygender
344,Eleanore,78,Bigender
345,Jen,80,Bigender
346,Ninetta,85,Male
347,Cloris,100,Bigender
348,Lexi,44,Genderfluid
349,Ichabod,56,Bigender
350,Kordula,9,Male
351,Charleen,82,Female
352,Jayson,73,Polygender
353,Annetta,41,Agender
354,Alvis,36,Non-binary
355,Wally,41,Non-binary
356,Bobbee,38,Non-binary
357,Gunilla,28,Agender
358,Palm,54,Male
359,Myrvyn,63,Male
360,Pernell,26,Genderqueer
361,Timmy,20,Polygender
362,Carlie,48,Non-binary
363,Jessamine,4,Male
364,Barbara-anne,54,Male
365,Roxanne,51,Bigender
366,Harv,7,Male
367,Sollie,80,Non-binary
368,Sarine,65,Genderfluid
369,Laetitia,89,Agender
370,Issiah,33,Genderfluid
371,Sibby,32,Genderfluid
372,Billye,1,Bigender
373,Minnaminnie,56,Genderqueer
374,Mindy,100,Bigender
375,Mill,91,Genderqueer
376,Friedrick,41,Male
377,Felicio,98,Non-binary
378,Mal,32,Genderfluid
379,Silvain,1,Genderqueer
380,Logan,62,Non-binary
381,Esteban,3,Bigender
382,Francklyn,8,Polygender
383,Vladimir,41,Female
384,Glenn,68,Non-binary
385,Elmore,37,Male
386,Sabra,3,Polygender
387,Yankee,13,Genderfluid
388,Bondie,18,Bigender
389,Jacob,74,Agender
390,Josee,14,Agender
391,Merry,55,Male
392,Theobald,7,Male
393,Lucienne,28,Non-binary
394,Romeo,73,Non-binary
395,Sophronia,37,Genderqueer
396,Hyacinthe,86,Non-binary
397,Rosamond,38,Agender
398,Sherwood,5,Female
399,Korey,9,Polygender
400,Morton,88,Bigender
401,Ivy,95,Non-binary
402,Goddard,63,Non-binary
403,Marcelle,18,Agender
404,Otes,24,Female
405,Sheeree,12,Genderfluid
406,Darsie,49,Male
407,Heda,73,Agender
408,Ray,41,Female
409,Mala,17,Bigender
410,Ernst,70,Male
411,Filberte,92,Polygender
412,Christie,31,Non-binary
413,Brose,45,Bigender
414,Reade,15,Genderqueer
415,Alec,86,Bigender
416,Crichton,81,Polygender
417,Horatius,30,Male
418,Rozina,83,Non-binary
419,Tiena,92,Polygender
420,Juana,42,Genderqueer
421,Katy,94,Non-binary
422,Saidee,2,Non-binary
423,Chrotoem,82,Genderfluid
424,Ibby,45,Non-binary
425,Shelton,18,Genderfluid
426,Ariella,74,Bigender
427,Flory,12,Genderfluid
428,Ardenia,47,Bigender
429,Jordana,68,Non-binary
430,Mirelle,34,Polygender
431,Marin,98,Agender
432,Hyacinth,26,Agender
433,Gwyn,7,Genderqueer
434,Linn,44,Genderqueer
435,Rakel,20,Genderqueer
436,Andee,14,Female
437,Salomo,66,Bigender
438,Harley,36,Genderqueer
439,Lindsey,64,Polygender
440,Lane,2,Agender
441,Rosemary,68,Non-binary
442,Michelle,36,Non-binary
443,Dareen,9,Male
444,Charity,67,Agender
445,Kerwinn,29,Polygender
446,Genevra,97,Male
447,Enoch,47,Bigender
448,Charmain,26,Female
449,Art,81,Agender
450,Valentine,85,Agender
451,Ahmed,75,Non-binary
452,Kelli,90,Female
453,Gram,47,Genderqueer
454,Georas,44,Female
455,Padriac,92,Non-binary
456,Jillana,3,Female
457,Britt,15,Non-binary
458,Harcourt,97,Male
459,Glori,31,Genderfluid
460,Gene,8,Female
461,Prent,78,Genderqueer
462,Farleigh,30,Non-binary
463,Karlens,84,Genderfluid
464,Hasheem,56,Genderqueer
465,Suzi,41,Genderfluid
466,Bret,98,Bigender
467,Winnie,4,Polygender
468,Angie,99,Polygender
469,Frankie,65,Genderfluid
470,Griz,22,Polygender
471,Fabiano,57,Agender
472,Nikita,2,Agender
473,Frederico,85,Genderfluid
474,Jessamine,64,Genderqueer
475,Lauri,15,Polygender
476,Randee,92,Genderqueer
477,Ekaterina,53,Genderqueer
478,Alene,22,Non-binary
479,Phelia,22,Non-binary
480,Isac,93,Genderqueer
481,Bernelle,86,Non-binary
482,Belvia,34,Agender
483,Barbaraanne,67,Genderqueer
484,Agathe,68,Bigender
485,Albie,43,Genderqueer
486,Evered,6,Agender
487,Nanon,2,Male
488,Antoinette,83,Male
489,Hirsch,80,Male
490,Rosabel,56,Female
491,Feliza,91,Genderfluid
492,Glynis,39,Female
493,Maxie,62,Male
494,Iseabal,20,Male
495,Melita,79,Bigender
496,Hermon,80,Female
497,Dane,76,Female
498,Carlee,46,Male
499,Paxon,54,Bigender
500,Charlotta,18,Male
501,Halette,77,Polygender
502,Blane,5,Bigender
503,Silvanus,18,Polygender
504,Danette,43,Polygender
505,Tandy,20,Bigender
506,Jinny,40,Polygender
507,Vina,46,Bigender
508,Brit,77,Non-binary
509,Kaye,58,Genderqueer
510,Pepita,23,Agender
511,Kelsey,36,Female
512,Adair,80,Female
513,Neel,91,Polygender
514,Franky,55,Non-binary
515,Omero,34,Genderfluid
516,Guthrey,49,Polygender
517,Malvina,69,Female
518,Kat,37,Genderqueer
519,Nichole,42,Bigender
520,Jamesy,51,Polygender
521,Toinette,3,Agender
522,Brennen,61,Genderqueer
523,Pamella,58,Agender
524,Tully,13,Polygender
525,Andres,62,Genderfluid
526,Willabella,53,Male
527,Amalea,12,Genderqueer
528,Gawain,96,Male
529,Georgie,95,Non-binary
530,Carey,94,Genderfluid
531,Binky,74,Non-binary
532,Fidelia,52,Male
533,Dino,25,Non-binary
534,Manya,94,Genderqueer
535,Mufinella,45,Bigender
536,Drucill,66,Genderfluid
537,Bernardo,13,Non-binary
538,Amandi,32,Non-binary
539,Daniele,20,Female
540,Olivero,54,Genderqueer
541,Stanley,59,Genderqueer
542,Noni,78,Agender
543,Dacy,27,Male
544,Brandise,1,Genderfluid
545,Ricki,12,Bigender
546,Matthus,66,Non-binary
547,Ashlin,71,Non-binary
548,Cherye,15,Agender
549,Catherin,9,Female
550,Kath,33,Agender
551,Patrizius,31,Genderqueer
552,Ingaberg,54,Genderqueer
553,Dill,31,Polygender
554,Averyl,21,Genderqueer
555,Marris,62,Male
556,Kacey,14,Male
557,Bliss,16,Agender
558,Casar,36,Bigender
559,Bowie,83,Non-binary
560,Morley,37,Female
561,Sherlock,94,Non-binary
562,Wylma,35,Genderqueer
563,Errol,91,Male
564,Ogdan,16,Agender
565,Mendy,81,Female
566,Clarissa,98,Genderqueer
567,Lulu,63,Non-binary
568,Anne,87,Genderqueer
569,Liane,73,Bigender
570,Karl,41,Female
571,Skipp,34,Non-binary
572,Gisele,49,Agender
573,Evered,61,Bigender
574,Sara,82,Agender
575,Tibold,36,Genderqueer
576,Maddi,13,Polygender
577,Dorothee,79,Genderqueer
578,Bent,78,Genderfluid
579,Basia,53,Bigender
580,Julie,9,Genderqueer
581,Hermon,22,Genderqueer
582,Natividad,19,Polygender
583,Griffin,40,Bigender
584,Ericka,89,Polygender
585,Zed,21,Agender
586,Gusella,64,Bigender
587,Beck,3,Polygender
588,Datha,60,Polygender
589,Ariel,41,Non-binary
590,Briana,75,Female
591,Michaeline,3,Genderfluid
592,Kim,81,Genderqueer
593,Ardith,56,Bigender
594,Lyndsey,94,Female
595,Adelina,51,Polygender
596,Shane,7,Female
597,Robinet,33,Female
598,Wallas,85,Genderfluid
599,Brand,36,Female
600,Cherilynn,68,Genderqueer
601,Burton,57,Polygender
602,Sayre,50,Polygender
603,Major,62,Non-binary
604,Englebert,66,Agender
605,Bond,70,Genderfluid
606,Marian,82,Non-binary
607,Cal,34,Genderfluid
608,Cinderella,54,Genderfluid
609,Phyllys,24,Female
610,Drusie,15,Agender
611,Phaidra,20,Non-binary
612,Mellisent,33,Genderfluid
613,Mannie,70,Non-binary
614,Morgan,20,Male
615,Cristionna,24,Genderfluid
616,Katrine,57,Genderqueer
617,Kenny,2,Bigender
618,Brooks,2,Agender
619,Aeriel,89,Male
620,Courtney,43,Polygender
621,Humfrey,71,Female
622,Odo,9,Non-binary
623,Wilfrid,56,Male
624,Jim,50,Agender
625,Yolande,77,Bigender
626,Oralia,15,Non-binary
627,Silvain,57,Bigender
628,Danie,27,Polygender
629,Anson,45,Polygender
630,Ardith,74,Genderfluid
631,Willem,67,Agender
632,Mozelle,82,Non-binary
633,Bryanty,94,Agender
634,Misty,15,Female
635,Godiva,14,Non-binary
636,Norbie,80,Non-binary
637,Katinka,100,Male
638,Francisco,41,Agender
639,Hanny,67,Male
640,Royall,73,Non-binary
641,Janenna,55,Genderfluid
642,Concordia,70,Male
643,Abbey,92,Polygender
644,Ash,65,Bigender
645,Henka,69,Male
646,Mag,9,Agender
647,Hollyanne,21,Female
648,Trixi,10,Polygender
649,Shelby,35,Agender
650,Brett,7,Genderqueer
651,Donny,83,Polygender
652,Zane,66,Agender
653,Cara,45,Bigender
654,Feodora,16,Genderfluid
655,Andy,2,Genderqueer
656,Gregg,47,Genderqueer
657,Joey,1,Female
658,Curcio,38,Non-binary
659,Town,73,Bigender
660,Crichton,68,Bigender
661,Desiri,7,Non-binary
662,Winne,19,Genderfluid
663,Normy,54,Genderqueer
664,Sharline,77,Genderfluid
665,Iona,24,Female
666,Gallagher,14,Non-binary
667,Ashlee,42,Genderfluid
668,Floria,22,Female
669,Jeff,86,Agender
670,Giavani,12,Polygender
671,Florina,39,Polygender
672,Martainn,53,Female
673,Thacher,24,Genderqueer
674,Germain,58,Genderqueer
675,Chicky,99,Male
676,Faun,21,Polygender
677,Denis,48,Polygender
678,Anatollo,38,Bigender
679,Marie-jeanne,52,Polygender
680,Christan,12,Polygender
681,Easter,2,Bigender
682,Gabbie,64,Polygender
683,Nora,49,Genderfluid
684,Abel,89,Genderqueer
685,Arron,80,Genderfluid
686,Mellicent,59,Genderfluid
687,Idalia,92,Bigender
688,Verine,64,Agender
689,Alphard,45,Male
690,Tammie,15,Genderqueer
691,Myrilla,21,Genderqueer
692,Whitman,29,Genderfluid
693,Gayla,53,Non-binary
694,Madel,75,Genderfluid
695,Doralyn,48,Male
696,Davida,48,Female
697,Quillan,87,Bigender
698,Sean,91,Non-binary
699,Kordula,58,Genderqueer
700,Lucy,58,Non-binary
701,Wilton,71,Non-binary
702,Ludvig,75,Agender
703,Chere,44,Genderfluid
704,Dorolisa,53,Genderfluid
705,Valentino,15,Genderfluid
706,Sander,26,Female
707,Aleksandr,21,Agender
708,Audra,20,Genderqueer
709,Pauline,22,Non-binary
710,Sigfrid,16,Agender
711,Franky,53,Male
712,Coralyn,86,Agender
713,Pepita,24,Female
714,Kaela,21,Female
715,Morgan,22,Bigender
716,Lilias,8,Genderfluid
717,Ransell,12,Genderfluid
718,Tiphanie,63,Male
719,Benedicta,9,Agender
720,Griffin,100,Polygender
721,Malynda,32,Male
722,Germayne,26,Polygender
723,Darrel,58,Female
724,Zaccaria,33,Agender
725,Bern,22,Polygender
726,Wenda,47,Male
727,Delcine,73,Male
728,Olympie,17,Genderfluid
729,Gerhardt,35,Polygender
730,Tomkin,42,Bigender
731,Quinn,40,Agender
732,Megan,32,Non-binary
733,Irena,95,Agender
734,Chrystel,81,Genderfluid
735,Brice,7,Genderfluid
736,Faustina,8,Genderfluid
737,Randene,81,Female
738,Bennie,66,Genderfluid
739,Marchall,11,Genderfluid
740,Chauncey,95,Genderfluid
741,Shay,52,Female
742,Harriett,18,Polygender
743,Karrah,52,Genderfluid
744,Hewet,43,Male
745,Marie-ann,48,Male
746,Mathias,100,Male
747,Lina,35,Genderfluid
748,Chicky,18,Agender
749,Stanleigh,98,Male
750,Kirby,78,Male
751,Clayson,85,Genderfluid
752,Kathe,25,Bigender
753,Fredek,73,Female
754,Joscelin,98,Non-binary
755,Kimberli,3,Female
756,Kali,29,Agender
757,Zelma,38,Genderfluid
758,Halsy,47,Female
759,Lorita,83,Bigender
760,Kirsti,74,Bigender
761,Roze,100,Female
762,Etan,51,Agender
763,Siward,97,Polygender
764,Yves,24,Polygender
765,Lannie,56,Male
766,Darbee,16,Male
767,Aguie,78,Polygender
768,Rowe,8,Bigender
769,Edmon,86,Genderqueer
770,Jacquie,73,Bigender
771,Kay,77,Genderfluid
772,Tremaine,81,Non-binary
773,Raddy,16,Agender
774,Lucian,97,Genderfluid
775,Merl,27,Genderqueer
776,Esra,67,Genderqueer
777,Aili,28,Male
778,Carling,2,Bigender
779,Graeme,85,Genderfluid
780,Woodie,62,Bigender
781,Edna,70,Male
782,Fonz,37,Agender
783,Normand,94,Agender
784,Jerome,54,Bigender
785,Eachelle,57,Genderfluid
786,Joane,43,Genderqueer
787,Welby,63,Non-binary
788,Caryn,7,Female
789,Eula,5,Agender
790,Farley,81,Female
791,Marne,70,Genderqueer
792,Alleyn,34,Polygender
793,Addy,55,Female
794,Lauritz,34,Male
795,Aretha,77,Polygender
796,Ros,87,Female
797,Gian,22,Genderfluid
798,Sherye,98,Polygender
799,Anastasie,45,Polygender
800,Cammi,14,Non-binary
801,Doralynne,100,Bigender
802,Goldie,63,Bigender
803,Tarrance,31,Agender
804,Ninnette,27,Agender
805,Alisa,9,Agender
806,Jennie,23,Agender
807,Hermon,36,Genderqueer
808,Maria,38,Genderqueer
809,Nadiya,52,Genderfluid
810,Vere,74,Genderqueer
811,Rogerio,82,Agender
812,Gregorius,31,Female
813,Teador,14,Male
814,Randee,4,Polygender
815,Diego,70,Bigender
816,Terrell,37,Male
817,Lauren,87,Agender
818,Boniface,52,Male
819,Ysabel,12,Non-binary
820,Dasha,100,Female
821,Bucky,94,Bigender
822,Mose,41,Agender
823,Vite,19,Agender
824,Melodee,18,Polygender
825,Reinald,86,Non-binary
826,Petr,61,Male
827,Sheila,92,Agender
828,Ronalda,23,Genderqueer
829,Rickey,74,Female
830,Norri,10,Bigender
831,Tedda,59,Bigender
832,Darn,75,Bigender
833,Daryle,42,Non-binary
834,Gawain,86,Female
835,Artemas,1,Polygender
836,Niel,50,Agender
837,Diannne,92,Male
838,Culley,61,Genderfluid
839,Alonso,5,Non-binary
840,Yurik,60,Genderfluid
841,Hollis,77,Agender
842,Maressa,5,Female
843,Emili,49,Bigender
844,Philippa,22,Male
845,Rollie,59,Polygender
846,Yolanda,20,Non-binary
847,Jo,76,Female
848,Neal,70,Female
849,Janene,1,Genderfluid
850,Myrtia,56,Genderfluid
851,Nikkie,79,Bigender
852,Gwendolen,14,Bigender
853,Lutero,97,Bigender
854,Peria,13,Male
855,Dulciana,74,Bigender
856,Hersch,95,Genderqueer
857,Constancia,89,Bigender
858,Amelia,90,Polygender
859,Henderson,45,Bigender
860,Gerty,22,Bigender
861,Dex,58,Female
862,Danita,67,Agender
863,Cookie,73,Bigender
864,Fayina,55,Genderqueer
865,Sheeree,27,Bigender
866,Branden,92,Polygender
867,Derron,20,Male
868,Bartholemy,41,Bigender
869,Nissy,88,Agender
870,Ashlin,75,Polygender
871,Donaugh,3,Genderfluid
872,Myca,80,Genderqueer
873,Alethea,72,Male
874,Lind,46,Non-binary
875,Natasha,92,Genderqueer
876,Reena,2,Agender
877,Gustie,63,Agender
878,Rebe,52,Non-binary
879,Olwen,97,Bigender
880,Sallie,47,Bigender
881,Trever,71,Female
882,Ealasaid,35,Female
883,Kelcey,2,Genderqueer
884,Shalom,72,Male
885,Georgy,13,Male
886,Kain,51,Female
887,Lindon,53,Genderfluid
888,Josh,83,Genderfluid
889,Raquela,42,Agender
890,Diane,49,Female
891,Benni,40,Polygender
892,Auroora,21,Female
893,Glenn,35,Genderfluid
894,Lorne,22,Bigender
895,Stacee,7,Agender
896,Mavis,39,Agender
897,Aigneis,84,Bigender
898,Kellia,71,Male
899,Lari,27,Agender
900,Bekki,71,Agender
901,Winni,45,Genderfluid
902,Waylen,69,Non-binary
903,Melvyn,73,Genderfluid
904,Ethan,31,Agender
905,Artair,77,Agender
906,Kiley,65,Male
907,Sonni,51,Non-binary
908,Jodi,26,Genderfluid
909,Fania,63,Genderqueer
910,Noach,99,Polygender
911,Rollie,51,Agender
912,Arlyne,85,Non-binary
913,Bonnee,60,Male
914,Barbee,42,Polygender
915,Laird,48,Bigender
916,Stephan,23,Female
917,Nelle,72,Genderfluid
918,Jacinda,2,Agender
919,Jerrie,44,Male
920,Lark,40,Female
921,Sibyl,63,Male
922,Jeannie,9,Female
923,Alana,25,Polygender
924,Vasilis,3,Genderqueer
925,Matthaeus,87,Male
926,Lizbeth,31,Genderfluid
927,Oliy,29,Female
928,Aeriell,18,Polygender
929,Demetria,44,Bigender
930,Jackquelin,67,Agender
931,Friederike,17,Non-binary
932,Derril,1,Female
933,Phil,99,Male
934,Gill,88,Non-binary
935,Janeta,18,Genderfluid
936,Bryan,30,Agender
937,Inna,29,Genderfluid
938,Ethelred,72,Agender
939,Lolita,14,Female
940,Kimberley,8,Bigender
941,Brit,76,Agender
942,Aprilette,3,Genderqueer
943,Opalina,55,Polygender
944,Ferdinand,40,Polygender
945,Tierney,95,Genderqueer
946,Isidoro,100,Non-binary
947,Krystle,52,Genderfluid
948,Lorenza,45,Polygender
949,Meggy,33,Male
950,Glen,57,Female
951,Welsh,93,Genderqueer
952,Devon,40,Genderfluid
953,Bobby,26,Polygender
954,Lezley,24,Non-binary
955,Jaine,89,Non-binary
956,Candice,35,Non-binary
957,Irvine,57,Male
958,Sib,81,Genderfluid
959,Shantee,95,Agender
960,Mariele,88,Male
961,Clarine,58,Male
962,Quinlan,89,Non-binary
963,Godwin,96,Genderfluid
964,Austin,39,Agender
965,Hunter,45,Male
966,Geoff,38,Non-binary
967,Udale,51,Female
968,Shermie,28,Male
969,Ashleigh,69,Bigender
970,Julian,10,Genderqueer
971,Donella,72,Genderqueer
972,Ardine,30,Agender
973,Meggi,68,Non-binary
974,Hulda,34,Polygender
975,Joachim,55,Non-binary
976,Roberta,13,Genderqueer
977,Edyth,63,Polygender
978,Tamarah,69,Polygender
979,Deidre,24,Genderqueer
980,Blane,11,Genderqueer
981,Jillana,60,Genderfluid
982,Corenda,98,Non-binary
983,Lebbie,42,Female
984,Maximilien,47,Genderfluid
985,Gallagher,15,Male
986,Gusella,6,Male
987,Alan,31,Genderfluid
988,Aylmar,45,Genderqueer
989,Gunner,21,Non-binary
990,Bessy,35,Polygender
991,Sherry,45,Male
992,Morie,63,Genderqueer
993,Philomena,57,Genderqueer
994,Di,46,Polygender
995,Annabella,19,Female
996,Herold,11,Non-binary
997,Billi,49,Non-binary
998,Blayne,24,Non-binary
999,Wallache,38,Non-binary
1000,Pennie,59,Agender
